Index,Measurement (mm)
0,22.516078326697585
1,23.439964224932403
2,22.69208916656691
3,23.77916479903448
4,22.170647946543244
5,23.68252009273695
6,22.07548232155946
7,23.181006991521322
8,22.458756194701557
9,22.50369231316674
10,23.489296047410573
11,23.159657088784524
12,22.303358584321806
13,22.930208864963284
14,22.963982048398044
15,22.591546933953897
16,22.134002932662533
17,22.42430223519943
18,22.40109129539201
19,22.090052538976796
20,23.432240093099768
21,23.62999188884772
22,22.60815570378955
23,22.800095112351716
24,22.319623849059127
25,23.57538832388052
26,23.232327854762154
27,22.990020366001396
28,23.878979306614728
29,23.218233876362763
30,23.275907910319322
31,22.77733998919918
32,23.66504362049914
33,22.38712310772807
34,23.625107763852753
35,22.98336963498011
36,23.490646696415713
37,22.27111686406341
38,23.561491563036633
39,22.354205234275135
40,23.89687190789353
41,22.597549994687324
42,23.92401686924495
43,22.300805651889064
44,23.33519738548032
45,22.444840657914817
46,23.69093413595485
47,23.09849791108496
48,22.546290527184908
49,22.130932436277917
50,22.977375615479197
51,22.689713036547644
52,23.77039415811648
53,23.901346364553984
54,22.17847853385272
55,23.37648019522062
56,23.997393040810405
57,22.691316200658584
58,22.26644957610927
59,23.470351883547888
60,22.9785278389683
61,23.568712263714726
62,23.982693912621684
63,24.057471016304785
64,23.659680462523827
65,22.155502632993443
66,22.251219095394415
67,23.082742833468693
68,23.543060210444995
69,22.774578929568708
70,23.71800628656895
71,22.367306838950306
72,22.230774374357537
73,23.199209653456585
74,22.714901510808453
75,23.28557411003362
76,23.858604335594784
77,24.073886885678313
78,23.55949389383293
79,23.416856107549666
80,23.753579765628672
81,22.240097525794628
82,22.43661932943195
83,22.309254170742747
84,22.603516683192886
85,22.574141234644614
86,23.32537717295871
87,23.783818644201236
88,22.427879433730226
89,22.334653515888217
90,22.268768404127588
91,24.109766678768324
92,22.95189236178886
93,23.82562924439611
94,23.70104712453405
95,23.549000656878295
96,22.42231914861655
97,23.61273711613586
98,22.303761542761
99,22.303244636456895
100,23.753008408975393
101,23.122639782336698
102,23.246962431762324
103,22.659679780090066
104,23.662848726074788
105,23.83606111305949
106,22.45966476100997
107,23.89620463950469
108,23.196218389192754
109,22.91137929271568
110,23.586219503721047
111,22.562319407440654
112,23.915866239687023
113,23.54816604581096
114,22.363237523380683
115,22.91234203060891
116,23.94160527565118
117,23.491825153682175
118,22.797987464101883
119,23.398664752940267
120,22.3363744176248
121,23.6061295266357
122,22.749565905488943
123,23.15665239093949
124,23.757458614627318
125,23.701959327967785
126,23.736985569641813
127,22.712220202403895
128,22.211536518223948
129,22.306140771074098
130,23.81972074196692
131,22.92490537447828
132,22.211627430856062
133,23.616947635165708
134,22.19325304128642
135,22.811524308054473
136,22.310329957060233
137,23.76735590121603
138,23.35263295002237
139,22.34025998316914
140,22.447287969206
141,22.68368812946609
142,22.541453908245465
143,22.983760794503976
144,23.10052823702323
145,23.850248466944567
146,22.565505897960488
147,22.4184192533525
148,23.533496861040426
149,23.887141860187967
150,23.085391626759815
151,23.879436496591904
152,23.75485276974184
153,23.80531153052874
154,23.18725271902855
155,22.302948130675826
156,22.54153119144833
157,23.157413134297432
158,22.81988046685247
159,22.636040722238384
160,22.466076267865944
161,23.003934785028036
162,22.27625211403482
163,24.16341698233308
164,24.03183916492756
165,23.913154034590427
166,22.486811359174485
167,22.939702740124993
168,22.324457229824766
169,22.962658600801387
170,22.412778302889997
171,23.529099165101226
172,22.8226225354332
173,22.427089404182027
174,22.55673878137405
175,23.61843488659521
176,22.697262027913634
177,22.902505885289802
178,22.61391461809076
179,23.291425830513578
180,24.155274874880366
181,23.609228655930377
182,23.873585242801518
183,22.990492116589614
184,22.494743112023627
185,22.98888236396249
186,23.59908727845503
187,23.682543139033964
188,22.81424077059964
189,23.07363997347568
190,23.728195745121464
191,23.33872097763842
192,23.121659096170518
193,23.055060542731216
194,22.278785100114444
195,22.80330964959319
196,24.144355072231072
197,22.743389699997707
198,22.58066768986951
199,22.66369833030123
200,22.60459894647497
201,23.031102336507647
202,22.47501952421165
203,22.546657658655334
204,22.905412473144548
205,23.558472338664576
206,23.120578843936254
207,22.97360541433002
208,22.512075359386383
209,23.80760344808033
210,23.526426297661125
211,24.207222699820132
212,23.49648222787979
213,23.326748183410395
214,24.081129994555294
215,23.14511018909028
216,23.759805140082364
217,23.272970372218122
218,22.32864268659602
219,22.33873757981879
220,22.893449210820915
221,23.86597301688321
222,23.299327539081975
223,23.274483233675962
224,23.879166268379752
225,22.6052360191519
226,23.89242824148793
227,22.56384592901053
228,23.29464136307806
229,24.103132138768924
230,23.02331804062189
231,23.193178376253105
232,24.193397430215406
233,22.76688028911819
234,23.86001644532721
235,23.165303956943816
236,23.967495494583066
237,23.00211352220569
238,23.28579250987964
239,24.25530479275696
240,24.223060970783465
241,24.098179699900673
242,23.920227813974513
243,23.956986779849895
244,23.380624650656124
245,23.21112507639115
246,22.481972472768966
247,24.202400650350402
248,24.317369853591096
249,22.530432081458606
250,23.23516585701878
251,23.872600438549618
252,24.286592144027583
253,23.288688816480562
254,24.18147691328157
255,23.81560268829488
256,23.28903797546133
257,22.675016180914206
258,22.862977847674824
259,23.665557672398705
260,22.65908482621449
261,22.896442966934043
262,23.657731061996344
263,24.068015682917952
264,22.584878285508097
265,22.98197053986943
266,23.290026988784238
267,23.832660003542188
268,23.509259720927734
269,22.767595351148188
270,23.546174514092034
271,23.943700442679308
272,23.22954463078111
273,22.890231372342466
274,24.265253850433062
275,24.204532206739692
276,23.90628217621838
277,22.399786609811976
278,23.416838874192816
279,22.5468323365673
280,23.787489020666435
281,24.368279722499455
282,23.427248196881013
283,24.37096474780579
284,23.438955145456323
285,24.29884879849467
286,23.317461389125288
287,24.2574089798013
288,23.340484172769308
289,23.449835998337562
290,22.445855298299332
291,23.017354574498295
292,23.007896809252465
293,23.979952455491606
294,22.69238576615885
295,24.059675302880667
296,23.84633308478503
297,23.931849205018153
298,23.20224030487634
299,23.6146092742219
300,22.450547010017868
301,24.370884948472565
302,23.403888708081944
303,23.83034501884124
304,22.77954141397441
305,23.29437265911332
306,23.414965495525124
307,24.060096064004153
308,22.50668410234952
309,23.59170694916068
310,24.293569583398085
311,23.58301733436381
312,23.100903363529078
313,23.82933916402802
314,23.07602535299709
315,23.198469519471566
316,23.15175019680925
317,23.82128020244967
318,22.72289763224828
319,23.439596543299793
320,24.420976207193682
321,23.952669582732668
322,22.875672616925968
323,24.174839802281944
324,23.531026645700017
325,23.827753828675487
326,24.11071666138518
327,22.44257674900449
328,22.96816694111124
329,23.629047471944872
330,23.590424472487662
331,24.302434701480458
332,22.656254047477823
333,23.43353947820717
334,22.544482888670522
335,22.678120653129636
336,24.33727876216979
337,23.345067589578825
338,22.83304450817157
339,22.59963136054774
340,23.059116418964685
341,24.233927525756407
342,23.57994647950008
343,23.560759363166497
344,24.328939480429067
345,24.08091531130331
346,22.552716833159636
347,23.35506504934303
348,22.798736876214758
349,23.173173350943443
350,22.875781969179286
351,22.98339290868766
352,22.64747730372722
353,23.878412112270198
354,22.670267651438532
355,23.668126418239474
356,24.463769890204084
357,23.006972949672573
358,22.53367512497308
359,23.589578697757883
360,22.708269947636865
361,22.80106332647078
362,24.18235483960131
363,24.218957776791285
364,22.494663897947653
365,24.0533677851636
366,23.326751069235733
367,24.11324973210976
368,23.846621885103644
369,24.287832051781532
370,23.556831211346413
371,22.60883790628383
372,23.18896282683766
373,23.40262660291714
374,23.685483119647365
375,23.840926484146134
376,24.37271644704314
377,23.39408011320032
378,23.594913063573365
379,23.960692239184265
380,23.703625202025094
381,24.273157394907788
382,23.842768152706416
383,22.608927053711973
384,23.382338155694566
385,22.924168979891473
386,23.84283550713582
387,22.777870623242606
388,22.61422422297598
389,24.215728660351797
390,24.19990864173901
391,24.31946831760104
392,23.597380177407523
393,24.30908861751458
394,22.713268414778362
395,23.955271540087377
396,23.328454343667676
397,24.213210142011228
398,22.755263232092688
399,23.86726313677355
400,22.939522091731252
401,23.559790100657196
402,23.986674220699907
403,24.279168801523124
404,23.88323777663896
405,24.244824718230188
406,23.20574762461865
407,23.58499260134073
408,23.769703613398487
409,23.218503982916552
410,22.950842191029743
411,24.116204186305396
412,23.773111215663846
413,23.190887800776643
414,22.905991176807056
415,23.036813769334483
416,22.63570014065216
417,22.875475183704868
418,23.40273187192055
419,22.58534916429916
420,24.062184945768593
421,23.421199961455418
422,22.710913730001693
423,23.019386740107958
424,22.90351014617782
425,24.379204435851154
426,23.81376011535872
427,23.56205953608388
428,23.334238436191857
429,23.673572116342942
430,22.783964082332435
431,22.75120430852835
432,23.669102909961584
433,24.203055297885626
434,23.72788491947625
435,23.428251080793398
436,22.853700035228925
437,23.726540383226787
438,24.25288676625128
439,24.343451708750475
440,24.556639908182788
441,22.590677985904442
442,23.960672525945398
443,23.34986709219193
444,23.95525845936585
445,23.188781554538227
446,24.047777215069427
447,23.05024453164223
448,23.97992824188566
449,23.170049853534888
450,23.395209925696314
451,22.916141871147325
452,23.78520461930145
453,23.87580759242377
454,23.66968023290952
455,23.975163381537584
456,23.522252707610182
457,23.475123521967717
458,24.601663978044414
459,22.95407630506095
460,23.99631985410341
461,24.409258880900666
462,22.793070844210547
463,23.641111477042728
464,23.611059054705436
465,22.86880411289555
466,23.13048886762372
467,23.26099228049671
468,23.55236239517069
469,23.82740355214958
470,22.775838202823888
471,24.610853643072577
472,23.62153328404454
473,22.666275873577582
474,24.24714341952744
475,22.77274506625271
476,23.027785753821846
477,22.74200107637905
478,23.53137156879311
479,23.056562242888262
480,23.586274697626923
481,23.333696401408453
482,24.330168751165157
483,23.476213672790593
484,22.72389150912177
485,24.164211630094588
486,24.45900403894045
487,23.721081816494337
488,24.230540245152817
489,24.35055725927371
490,23.63885418986573
491,22.790008197848163
492,24.048968474237768
493,23.807235872563606
494,23.616410832355818
495,23.17218564747361
496,22.74652260952633
497,24.324871527399974
498,24.49886235901826
499,22.823020024210592
500,24.66624493211132
501,22.826379213999022
502,22.819670659470567
503,24.530483099413242
504,23.35842013007216
505,24.350804038081296
506,24.309606283086993
507,22.752823992370118
508,23.9765583019401
509,23.633288814025274
510,22.75701412599465
511,23.07882916495963
512,22.746236819665675
513,23.344523900578107
514,22.92930086640963
515,23.974844771517024
516,23.214513248373297
517,24.274394051213925
518,23.849378481471987
519,23.645168664803823
520,24.589875709102266
521,24.35672224426368
522,23.37066429751096
523,23.729276424496277
524,24.0275147658961
525,23.661073775449854
526,24.509859293689594
527,24.423039852994336
528,24.577078124273548
529,23.583057031758383
530,23.553438417835686
531,24.466023051405408
532,23.833344634233775
533,24.300653749466555
534,23.86503561950745
535,24.32675833797853
536,24.542408989378607
537,23.74136854998801
538,23.95866658929067
539,23.365721560846673
540,24.176044937097128
541,22.829008236656883
542,23.395624794656253
543,24.5350165600059
544,24.368689467143426
545,24.141147870737758
546,24.452248993311947
547,23.907142922022498
548,24.192691500792677
549,23.55107939874006
550,24.48399962981194
551,22.8453995096069
552,24.118838529955497
553,22.903185822150615
554,23.745171631457655
555,23.93170763146755
556,23.795974892543793
557,24.61423484848368
558,23.731756521674704
559,23.735677905938694
560,24.605438321118513
561,23.76429713064537
562,23.352299674281767
563,23.188000956704865
564,23.497314814000056
565,23.146719790816437
566,24.737864604957853
567,22.959182925508408
568,24.51886830979408
569,23.470730405979694
570,22.882531364050855
571,24.748413800150786
572,23.253125609695193
573,23.300231672561125
574,23.876562812667693
575,23.4945623482907
576,23.928168488371846
577,23.03145691918845
578,22.85615397817962
579,24.423441194945756
580,23.77182265184365
581,23.693419619909083
582,23.171621953375677
583,23.375121069802326
584,23.75040936813841
585,23.856684370195687
586,23.085489877800132
587,23.850797088403553
588,23.15322501628419
589,23.14573540450811
590,23.183597473614558
591,23.22720726014227
592,23.8546109249258
593,24.2367935755693
594,24.19692201841507
595,23.665296032153368
596,23.79833803807557
597,23.143966640517267
598,24.152050250879732
599,23.120494989571462
600,23.792022694749264
601,22.97721497962487
602,23.31059663036345
603,23.61842365369552
604,24.699185502067266
605,24.076562857049712
606,24.184685752125056
607,23.763797650503697
608,24.60705520545791
609,24.418736079937617
610,23.640923268920883
611,23.344395973053953
612,23.181643164252183
613,23.539248910513532
614,23.093361983350515
615,23.82488708448384
616,23.864586402486744
617,23.18085048058722
618,23.36345189423026
619,24.78904226927652
620,22.869197524191385
621,23.291512139299364
622,24.241840536993553
623,23.815332237796042
624,23.657698040614402
625,24.142677798999873
626,24.388888231963797
627,23.722983850880222
628,24.800471772538742
629,22.939126278196795
630,24.072340795611883
631,24.796616411971012
632,24.165265920446934
633,24.415419395708163
634,24.010652212975277
635,23.856753797289333
636,24.251247555990748
637,24.09170764743009
638,23.729074280918837
639,23.177527241096424
640,23.916083414856754
641,24.61030829171207
642,23.172735862875047
643,24.080790742276523
644,24.6534783224522
645,23.261631834029487
646,23.434911641035168
647,23.022526984244124
648,23.636932368843702
649,22.895527305549827
650,23.976970837526167
651,24.5845205930251
652,23.555338055667235
653,24.29668293263621
654,24.64783324822694
655,23.56673149636908
656,23.402453156291223
657,24.010900845782484
658,24.229517826889605
659,23.040321479097248
660,23.09629862097746
661,23.373831956881695
662,24.824359053093055
663,24.837322111987156
664,22.890549749357124
665,24.68733682661196
666,23.43990475153618
667,23.62934274931394
668,22.95366584991148
669,24.337796953209168
670,24.774281070499303
671,24.676377761537236
672,24.137839959849806
673,23.45151600544865
674,23.084211979350872
675,24.14625750906422
676,23.928259449712037
677,24.578639431186524
678,23.477332286362977
679,23.081124620750924
680,24.44310364547707
681,23.181559526213963
682,24.510792755478434
683,24.671195839051812
684,23.63187818456139
685,23.390079118234357
686,24.7836409219643
687,24.641411748365137
688,24.145133277147114
689,23.74078277086957
690,24.745777047072192
691,24.163595410426527
692,24.070499825324504
693,24.56491435900953
694,24.920427472153154
695,24.765924713878693
696,23.996224662769016
697,23.25005851251791
698,23.51750355342889
699,24.074964524093453
700,24.40563729863242
701,24.464957625769188
702,24.713845369130723
703,24.75689808194518
704,23.87650547177171
705,24.704263041410652
706,23.148910177483625
707,23.13516661893594
708,23.370115523164404
709,24.638682763608795
710,23.090024178781775
711,24.938482162151562
712,23.488892785054087
713,24.321946922635973
714,23.29995502263957
715,24.61922412140197
716,23.988012583757452
717,23.420315107609508
718,24.288521080578974
719,23.7573288057315
720,24.73850968867388
721,23.21745083399189
722,24.48583746429327
723,24.04144985499249
724,23.58375101592548
725,24.02659295772883
726,24.659034094177546
727,24.920259290898464
728,22.978711470735238
729,24.83046144382615
730,23.382775047361385
731,23.376127594709914
732,23.066615139463398
733,23.85335182350947
734,24.699005573175953
735,23.851481267042775
736,23.19831472117816
737,24.410955494836422
738,24.269118296560883
739,23.32790603133055
740,23.369562327701875
741,24.294937172604975
742,23.48912480582892
743,24.70542831329992
744,24.81914091212511
745,24.308166373478365
746,23.36778071279397
747,24.10151513712769
748,23.140586707654883
749,23.02803509913797
750,24.438909568317914
751,24.69674764921276
752,24.320684162356585
753,23.792001183847525
754,24.107079066302667
755,24.031096882442885
756,24.84559361882084
757,24.678445977902392
758,23.437761575635555
759,23.50341371491856
760,24.813003754973852
761,23.733814370721557
762,24.93806324309691
763,24.64904410617235
764,23.81797864994277
765,24.3248827701643
766,23.380725962465377
767,24.1189205875843
768,23.553023074148534
769,23.381406142206465
770,24.99449656479924
771,23.92702524723002
772,24.305409214773743
773,24.150025547672588
774,23.53636887645646
775,23.069182847114845
776,23.329091974777388
777,23.47753111942923
778,24.9900995702329
779,23.643761966145558
780,23.3263496349231
781,24.128601327547685
782,23.65395124850904
783,23.5223471248193
784,24.249188086709644
785,24.97348197244159
786,24.790004462530884
787,23.199137982201517
788,23.571983803894167
789,23.756081053603822
790,23.562927010132526
791,24.438468398018927
792,24.018455167236826
793,24.008599151707095
794,23.692875741114783
795,23.54112006225969
796,23.964776961893673
797,23.775514198631907
798,24.154360550455728
799,23.333359782794535
800,24.56821263043561
801,23.533512113637382
802,24.835693197418852
803,23.89386539365226
804,24.414044670616555
805,23.68748392205862
806,24.80415839280037
807,23.07674867826088
808,23.911867416408604
809,23.148333200452853
810,23.30838672910454
811,23.51876103410687
812,24.433364650720314
813,25.058181781004063
814,24.136688230604634
815,23.421406272546612
816,24.82942870280817
817,24.54841595865906
818,24.605915367179637
819,24.89660848672275
820,23.49744030318908
821,25.052897354030556
822,24.99152635123026
823,24.811012056674596
824,23.75076082422216
825,23.91502803019338
826,23.24985285497914
827,24.029983424624255
828,23.120804180393215
829,23.56870900683694
830,23.97387408578465
831,24.485595324924315
832,23.93450249659702
833,23.840628590686617
834,23.8143618685381
835,23.203133104125083
836,24.587834098780863
837,23.49531196334924
838,23.985117011414395
839,24.570946407104554
840,23.495025403233512
841,23.150305125147064
842,24.827262260659747
843,24.004609232010647
844,24.814853515053564
845,24.03556397513793
846,23.327889060731742
847,25.059345661518506
848,23.5389397585213
849,25.02302073781303
850,23.643676218751114
851,24.5424825521246
852,23.86748500483488
853,24.047919522680814
854,23.327753748301845
855,23.868564933361764
856,24.98670376418655
857,24.53490083547415
858,23.635053110135807
859,23.85861881176074
860,24.20902766261304
861,23.596708012725202
862,23.35199895526784
863,24.174558214697576
864,25.095463922554128
865,23.618052654472418
866,24.892390993399506
867,23.34737675105623
868,24.86148518339093
869,23.64741709926297
870,23.815381299965335
871,23.311184255861747
872,24.667120819439738
873,24.417399773207848
874,24.7400142859538
875,24.082574289202682
876,23.371935758980747
877,24.756972874928795
878,24.699888137202542
879,25.15306473303559
880,24.560004978963583
881,23.9350584376726
882,23.211049149876104
883,23.491390754632107
884,24.013539345174674
885,23.848891103650534
886,24.131462168221987
887,23.199331005166055
888,24.937179596136176
889,24.32247902649854
890,24.482369466886507
891,24.427343537665767
892,24.115724568933782
893,24.50826944159391
894,23.439132788428047
895,24.5377615048681
896,25.17689728426354
897,23.852882113925407
898,24.367108074121113
899,24.63200964207957
900,24.43466700851353
901,23.29446364438305
902,24.508304362810293
903,25.036574246983935
904,24.90109564713674
905,23.551640807499307
906,23.942328378144072
907,24.68099980312643
908,25.118197143919925
909,24.874262783150403
910,23.788605120268237
911,25.054392310219324
912,25.121503181241795
913,23.993489196057332
914,24.97526585226422
915,24.50815271312208
916,24.356491268567925
917,23.49070301874396
918,24.573617906608728
919,24.90219771379276
920,25.11957801222814
921,23.828950187222304
922,24.0264781775632
923,24.524170620311327
924,24.558063586212082
925,24.066216933604885
926,23.712566523599566
927,24.181669033183855
928,23.817376114731324
929,24.201889442910602
930,24.366132942868294
931,24.134307243310236
932,23.908330783450992
933,25.243182240765385
934,23.92344677729079
935,24.19983463237683
936,24.628764434943765
937,24.991085396865905
938,23.95368722777462
939,23.458327421445603
940,24.586671843455836
941,25.03731879688562
942,24.331561465915215
943,24.124547223461576
944,24.546094939489237
945,23.890161426162297
946,24.08102847485611
947,24.056014228228452
948,23.745856022939616
949,25.210365103531885
950,24.073469165818246
951,25.24888402936348
952,23.43211405090341
953,23.932894854049156
954,25.135745649271563
955,24.49006521949217
956,23.877698042241953
957,24.01416688489536
958,24.92387185515491
959,24.60254898709545
960,23.421971415709386
961,23.294753328145802
962,24.45582774504956
963,23.945084338254183
964,23.552995605683336
965,24.23658270358922
966,23.41128498435572
967,23.701310251449016
968,24.174903646555883
969,24.113373827569653
970,24.908156542824617
971,24.54954232364192
972,24.830104738111796
973,25.152475459869017
974,24.5108176603539
975,23.606922043450755
976,24.77511317590864
977,25.018376085346752
978,25.22277187121364
979,23.82076746647528
980,23.892412120584627
981,25.111644604915092
982,25.075014052769173
983,24.43491415953764
984,23.573406843928193
985,23.41890080866002
986,24.5309230136237
987,23.597571928301488
988,24.37038102963429
989,23.424295567879973
990,23.50006954816355
991,24.604730625740313
992,25.15031908610097
993,25.026240080622575
994,23.807496339007642
995,24.135564573180517
996,25.01938097595702
997,25.27072768434525
998,24.593555824658665
999,23.805305599474497
1000,23.533785632040015
1001,24.790001389057412
1002,23.997571851582748
1003,23.553463756590403
1004,24.596845346066775
1005,24.31291739595889
1006,23.878800608561964
1007,24.768852704980024
1008,24.756862787692835
1009,25.116904158681187
1010,23.729432844383872
1011,23.835670264249153
1012,24.131753335256356
1013,25.282213307125303
1014,23.356981725253387
1015,24.19074436913023
1016,23.805653116396307
1017,23.44071136161535
1018,23.512367534269792
1019,24.227792857978436
1020,24.44634631890474
1021,24.22065299860428
1022,25.084380287147393
1023,24.95102234460111
1024,23.455278820986912
1025,23.420082547745363
1026,24.10273079056183
1027,24.42885164595936
1028,25.277984799552144
1029,24.784195205639122
1030,23.90637594860123
1031,24.39041133099427
1032,24.90211286331738
1033,24.9057608983474
1034,23.99064746425039
1035,24.771735988809738
1036,24.076404643828457
1037,25.140566502663454
1038,24.567371079696272
1039,24.559087258068182
1040,24.631178960123023
1041,24.40455661559469
1042,23.594742259786113
1043,23.600033963149798
1044,24.68905946296965
1045,23.99724209769384
1046,25.3840457646988
1047,24.628769242199684
1048,23.74755648366189
1049,24.67124012420261
1050,24.98778884391808
1051,25.2742211615818
1052,24.71786526738599
1053,24.901721085376266
1054,25.027709791345266
1055,23.472669766953768
1056,24.940189829208904
1057,23.9384427484533
1058,23.70300585373485
1059,23.73378734047235
1060,24.259597227939267
1061,23.692745727374152
1062,23.76621675651581
1063,24.57823544962221
1064,24.741275493953104
1065,24.882348291924302
1066,24.408338549589566
1067,25.29853031114339
1068,23.910621190931334
1069,25.240868772268094
1070,23.972716427523526
1071,24.647664300984317
1072,24.19571007942463
1073,24.543426100072946
1074,24.349046292640377
1075,23.849682463578585
1076,24.086380892913155
1077,23.545645446360716
1078,23.584070380645116
1079,25.049556565251695
1080,24.831797053282312
1081,23.706774617331863
1082,25.3470074938979
1083,25.114885067182897
1084,24.273080317656813
1085,24.877978221086828
1086,25.040433381894537
1087,24.024025767685014
1088,25.276417935058753
1089,24.71766948695229
1090,24.342885652109686
1091,25.067881607512028
1092,25.08948523518386
1093,24.944598134684178
1094,25.38467215055488
1095,23.754182679183213
1096,25.176028652657592
1097,23.645525553164674
1098,25.04407837023173
1099,24.273104395937864
1100,23.64724791972991
1101,24.16761676231472
1102,24.336739622984418
1103,24.892806612492553
1104,25.429674752038473
1105,25.268389221326697
1106,24.80913290358193
1107,24.22683016229372
1108,25.28361126512967
1109,24.76753319406649
1110,24.76942756352873
1111,23.702521379203034
1112,24.333796422896935
1113,24.951483543424203
1114,24.577685204673525
1115,24.16988443274491
1116,25.25927618268976
1117,25.392717429757205
1118,23.729358468619193
1119,24.908541269998423
1120,23.692798080656086
1121,25.488494022733747
1122,24.297960796299524
1123,24.26588091650122
1124,23.681834184455905
1125,24.19328598837316
1126,24.63152216486753
1127,23.842941889993103
1128,23.734117078993105
1129,25.293652377322854
1130,24.41718666188739
1131,25.035140984381638
1132,25.13540202470963
1133,25.18227737334015
1134,24.230693251824025
1135,23.991516641891522
1136,24.052927697255726
1137,24.062649445602343
1138,23.915024961573057
1139,25.019299032143593
1140,24.626780393318548
1141,23.870122618665476
1142,24.322393756623903
1143,24.94028618965842
1144,24.972783617057054
1145,24.557486993759746
1146,23.53823588483208
1147,24.204401836678247
1148,23.75475869474355
1149,24.077599616774325
1150,23.64282799459166
1151,24.43924290584822
1152,23.597664387229813
1153,24.456004329276755
1154,25.502973679561585
1155,24.73051861009017
1156,25.057778993172697
1157,24.734097075118203
1158,24.154796374762665
1159,24.273490889137005
1160,24.037414990276723
1161,24.970888094167005
1162,24.621838135410822
1163,23.611778210293746
1164,25.37213578027625
1165,25.267480353567127
1166,25.07631407090367
1167,25.06679611960909
1168,24.22261817222297
1169,24.129589260081747
1170,24.2693015508579
1171,24.71918219028638
1172,23.85461788128581
1173,25.397302920825517
1174,24.75357985133915
1175,23.786689637422946
1176,24.886255415528247
1177,25.127150235379446
1178,24.18587748182851
1179,25.194199766338613
1180,23.60853481321511
1181,23.817246121569998
1182,23.580268123541646
1183,24.26084178111966
1184,23.87811283751124
1185,25.196150659466003
1186,25.170648084089155
1187,24.92486552778779
1188,24.387841809573313
1189,25.566018187263207
1190,24.14363551028951
1191,24.694886881852767
1192,24.564023826809752
1193,24.68107873478155
1194,23.70004687872153
1195,24.316711693366425
1196,23.69352347060491
1197,24.522126193988303
1198,24.863171581106815
1199,25.107724195372548
1200,24.907552299856107
1201,25.30652583327991
1202,24.525813086634088
1203,24.065933619740186
1204,24.297107801637274
1205,25.074427533865656
1206,24.894168802056438
1207,24.864268892920226
1208,25.417718776696358
1209,25.311609308295147
1210,24.54891352886952
1211,25.02114991134644
1212,23.755959544460367
1213,23.87322570454792
1214,25.076230173251552
1215,24.030403947363673
1216,25.21799127482748
1217,25.307857340674673
1218,23.793855754906456
1219,24.596818167569317
1220,23.728071897147164
1221,23.98391366045593
1222,25.559643719788394
1223,23.725208097272606
1224,24.444577213222132
1225,25.490588300701006
1226,25.28488357359922
1227,25.296400408139668
1228,24.142579334886303
1229,24.368225060294073
1230,24.03601322648369
1231,24.110209506243354
1232,24.712544507004313
1233,24.783667044364584
1234,24.735991839033563
1235,24.551171671208806
1236,24.71217284674227
1237,23.733565738058342
1238,25.640307533257182
1239,23.974232814326662
1240,23.924131670226146
1241,24.413920693487913
1242,24.466354980321267
1243,24.91920432560302
1244,23.669111137129054
1245,25.51620811334477
1246,24.81513626294921
1247,25.01135992292213
1248,25.2305034930212
1249,24.13562714359662
1250,24.519961628259733
1251,25.359127218433557
1252,24.064766453669442
1253,23.88871226137408
1254,25.154670928199977
1255,25.619247386262877
1256,24.588216766502942
1257,23.755588927476055
1258,25.014126556597923
1259,24.60963205676178
1260,24.00486282356296
1261,25.29491431244753
1262,25.450992805477185
1263,24.302846913951743
1264,25.400451533994268
1265,24.19077666693365
1266,24.76548099422881
1267,25.582289626660945
1268,25.511598732490317
1269,23.839336291482358
1270,24.909370708689462
1271,24.255886544964607
1272,25.076878740189766
1273,24.318688395068236
1274,24.539767036509275
1275,23.909848233499865
1276,25.221783406741274
1277,24.857894171551877
1278,24.129302617088243
1279,25.34129952550416
1280,23.904645670094467
1281,24.63689410820243
1282,25.440630896763068
1283,25.498980932759174
1284,25.512352247334917
1285,23.98466615981538
1286,24.97043591522741
1287,24.58986693340551
1288,24.226667789980567
1289,25.16314554930923
1290,25.628357271830755
1291,24.33599878894111
1292,25.606872102113638
1293,24.401758136319764
1294,24.46389556236845
1295,25.49792397254248
1296,23.90879013700356
1297,24.38982163116054
1298,25.606366803088992
1299,24.494663452466096
1300,24.047337446024674
1301,24.04473769852222
1302,23.801266695689453
1303,25.257099421697443
1304,25.639319457523367
1305,25.114928343444802
1306,24.83928877000445
1307,24.84326833342365
1308,25.247391331855667
1309,23.76494496706785
1310,24.93664864702064
1311,24.341461503489032
1312,24.796791428200084
1313,25.562245695612237
1314,24.067090785949052
1315,23.847990886970255
1316,24.919409955703443
1317,25.041800703266095
1318,25.60836490680426
1319,23.89145665529315
1320,23.96829526093908
1321,23.94725572596709
1322,25.327210796535994
1323,25.65544056508555
1324,25.172093219644122
1325,23.956249013962967
1326,24.737175389879962
1327,24.1249321145159
1328,24.189225311864227
1329,23.826466441058013
1330,25.60155085879466
1331,24.857254869620302
1332,25.496534034885205
1333,25.74066730522491
1334,25.32345698274181
1335,25.34977277225368
1336,24.58741449640605
1337,25.709186341671288
1338,25.74427820389814
1339,24.345585914884545
1340,23.999095064694558
1341,24.39501514528447
1342,24.95468601788017
1343,24.043152505219748
1344,24.209981604140655
1345,25.496746277171734
1346,25.508050722609454
1347,25.541583598409083
1348,24.703304256028975
1349,24.263347968600016
1350,25.13498013987771
1351,24.514666008425355
1352,24.137943742734773
1353,23.906912617185014
1354,24.419655359706105
1355,24.033081421812934
1356,25.339361720017074
1357,24.035877873796938
1358,23.84130896034958
1359,24.115188843457155
1360,25.023432436127578
1361,24.318642110390055
1362,23.91877835818731
1363,24.186732392676518
1364,25.819570020775952
1365,25.006509069347548
1366,24.250704112407632
1367,25.760422852848457
1368,24.700336578152402
1369,24.448207156756133
1370,25.49707429559941
1371,25.679879598530174
1372,23.894068604281614
1373,24.935583509577565
1374,24.631505490012056
1375,23.844516649739653
1376,24.06997210703116
1377,24.17141371856496
1378,25.224525117693865
1379,24.77696645872284
1380,25.717908017307654
1381,25.460603076621236
1382,24.539160670173843
1383,24.090212917497283
1384,24.256935356963186
1385,25.38795479324271
1386,24.741097500556126
1387,24.696839921572085
1388,25.402104910171747
1389,24.97492262768492
1390,25.035045982011884
1391,25.66486104377832
1392,25.56771566168977
1393,25.215226310789543
1394,24.386672927230144
1395,25.560836660327663
1396,25.523028090926516
1397,25.01225800850713
1398,24.42443749327165
1399,24.69819509770793
1400,24.70447740846126
1401,24.263156335349304
1402,23.925045716701856
1403,24.512187601382173
1404,25.15363216653787
1405,23.974691674771716
1406,24.1117859649409
1407,25.19003795550657
1408,25.153116397649892
1409,24.26901546924043
1410,25.781376221143987
1411,25.473438491994816
1412,25.859164361948817
1413,25.539166477894693
1414,24.088440942255314
1415,25.1433998165431
1416,25.203645594926332
1417,25.064804691968558
1418,24.10457103190091
1419,24.87482981611797
1420,24.794685893458492
1421,25.020537979767305
1422,24.266643065884992
1423,24.261260754322695
1424,24.504548802752566
1425,24.650499810199257
1426,24.78223837833435
1427,24.403474697775035
1428,25.409908826707788
1429,23.93434142696479
1430,24.79887647705226
1431,25.218218948353634
1432,25.073944095285523
1433,24.412578756566415
1434,24.71518766592237
1435,24.57344993402261
1436,24.987152651195856
1437,24.373630544614084
1438,24.10748053757869
1439,24.4010715851778
1440,24.567114368418117
1441,24.443909296141285
1442,25.155491331459274
1443,24.88337081732615
1444,24.10578311796316
1445,25.472081174699426
1446,24.393138026234194
1447,24.07928608671607
1448,24.53794330197945
1449,24.715320616938342
1450,24.961958136441663
1451,24.873760929406362
1452,25.619516296915574
1453,24.5164213503476
1454,25.12980577246352
1455,25.28605249290431
1456,25.66200812908319
1457,24.39304411073312
1458,25.360098183361654
1459,24.886867727076996
1460,25.926087173805115
1461,24.355444525149455
1462,24.24735275252617
1463,24.34921286518301
1464,25.686946824073893
1465,25.618648046413533
1466,25.698398760907473
1467,25.139347056774078
1468,25.87345629217659
1469,25.15629240588549
1470,24.512982601847863
1471,25.127039581061087
1472,24.990226114135364
1473,24.95835555137833
1474,23.972380518298063
1475,24.766941193034867
1476,23.99900467791398
1477,24.198959254929576
1478,24.84666485754061
1479,24.47346839060654
1480,24.047434655455426
1481,24.946331256442665
1482,24.494766493816538
1483,25.273617063144783
1484,25.68392628902336
1485,24.3412169951024
1486,24.62560089398544
1487,25.68649085113584
1488,25.845369430348992
1489,25.689892709328596
1490,25.736948708589974
1491,25.410145348944056
1492,25.450938902524918
1493,24.940300366900935
1494,25.32631555258247
1495,25.48807053267636
1496,25.362837900152062
1497,24.11469009430714
1498,25.3294487134815
1499,24.645261360300594
